Date,Link
february_22_2024,https://www.reddit.com/r/wallstreetbets/comments/1ax3rz8/daily_discussion_thread_for_february_22_2024/
february_27_2024,https://www.reddit.com/r/wallstreetbets/comments/1b196vb/daily_discussion_thread_for_february_27_2024/
february_20_2024,https://www.reddit.com/r/wallstreetbets/comments/1avf0p1/daily_discussion_thread_for_february_20_2024/
february_21_2024,https://www.reddit.com/r/wallstreetbets/comments/1aw9dpd/daily_discussion_thread_for_february_21_2024/
february_23_2024,https://www.reddit.com/r/wallstreetbets/comments/1axxsr0/daily_discussion_thread_for_february_23_2024/
february_29_2024,https://www.reddit.com/r/wallstreetbets/comments/1b2xowh/daily_discussion_thread_for_february_29_2024/
february_28_2024,https://www.reddit.com/r/wallstreetbets/comments/1b23eip/daily_discussion_thread_for_february_28_2024/
february_26_2024,https://www.reddit.com/r/wallstreetbets/comments/1b0eutx/daily_discussion_thread_for_february_26_2024/
february_13_2024,https://www.reddit.com/r/wallstreetbets/comments/1apqu53/daily_discussion_thread_for_february_13_2024/
february_16_2024,https://www.reddit.com/r/wallstreetbets/comments/1as5wvd/daily_discussion_thread_for_february_16_2024/
february_12_2024,https://www.reddit.com/r/wallstreetbets/comments/1aoxgxo/daily_discussion_thread_for_february_12_2024/
january_31_2024,https://www.reddit.com/r/wallstreetbets/comments/1affbxb/daily_discussion_thread_for_january_31_2024/
february_15_2024,https://www.reddit.com/r/wallstreetbets/comments/1arcyhr/daily_discussion_thread_for_february_15_2024/
february_07_2024,https://www.reddit.com/r/wallstreetbets/comments/1al0eh4/daily_discussion_thread_for_february_07_2024/
january_30_2024,https://www.reddit.com/r/wallstreetbets/comments/1aelu3e/daily_discussion_thread_for_january_30_2024/
february_02_2024,https://www.reddit.com/r/wallstreetbets/comments/1ah14l6/daily_discussion_thread_for_february_02_2024/
february_08_2024,https://www.reddit.com/r/wallstreetbets/comments/1alt69p/daily_discussion_thread_for_february_08_2024/
february_09_2024,https://www.reddit.com/r/wallstreetbets/comments/1amlmos/daily_discussion_thread_for_february_09_2024/
february_05_2024,https://www.reddit.com/r/wallstreetbets/comments/1ajdwmh/daily_discussion_thread_for_february_05_2024/
february_06_2024,https://www.reddit.com/r/wallstreetbets/comments/1ak76kh/daily_discussion_thread_for_february_06_2024/
february_01_2024,https://www.reddit.com/r/wallstreetbets/comments/1ag8fol/daily_discussion_thread_for_february_01_2024/
january_29_2024,https://www.reddit.com/r/wallstreetbets/comments/1adspva/daily_discussion_thread_for_january_29_2024/
february_19_2024,https://www.reddit.com/r/wallstreetbets/comments/1aukpdc/daily_discussion_thread_for_february_19_2024/
