Author,Comment,Date
Curious-Potential-13,can we talk about soundhound and how its the next g m e,2024-02-27T15:55:16.127Z
CementChunk,$LUNR landed safely! Lets goooooooooooooooooo!,2024-02-23T00:38:12.698Z
Jeeperg84,I'm just hoping etrade lets me play with my tendies right away,2024-02-22T14:21:25.014Z
Hyroglypics,Profit taking is going to be HUGE! The rebuy with those profits is going to be like a second wave pump,2024-02-22T10:42:08.399Z
EmbarrassedKick2219,Good thing i bought nvda calls,2024-02-22T10:34:56.675Z
Gewoongary,"Do crackheads ever say, ‚ÄúI‚Äôm too broke to smoke crack tonight‚Äù?
  
    No. They get up and make it happen.
  
    Lesson in there.
  BUY THE DIP",2024-02-21T12:01:16.608Z
megaxanx,this is just a glorified nvda earnings waitroom,2024-02-21T12:59:55.977Z
Bennylegend,"Beat, guidance, stock split and I name my first born Semiconducter",2024-02-21T11:10:06.390Z
Lopsided_Process5141,My calls were fucked the second I purchased them at closeü§°,2024-02-21T11:23:20.327Z
WhiteColllarCrime_69,I‚Äôm gonna take a shot of vodka every time I see NVDA commented on this sub ü•É,2024-02-21T13:49:34.178Z
JustLurkCarryOn,Just call an ambulance now.,2024-02-21T13:50:06.189Z
juliettefriskey,Fentanyl sounds better than watching my port go down any further,2024-02-21T11:16:24.863Z
Icy_Raisin6471,This NVDA earnings seems to be one of the more interesting economic events in the last 6 months.,2024-02-21T11:32:16.512Z
zg44,"CNBC has a countdown to NVDA's earnings.
  
    Don't think I've ever seen that before even in 2022 when AAPL and MSFT were carrying the market.",2024-02-21T11:46:32.714Z
BiigIfTrue1492,Fed minutes said they gonna wait and see what happenes to NVDA,2024-02-21T19:06:47.835Z
free_lions,Can‚Äôt wait for SMCI to go bankrupt if NVDA misses earnings,2024-02-21T11:03:50.111Z
Ante_social_music,Generational bagholding opportunity,2024-02-21T12:10:40.134Z
Forward_Observation,I oNlY nEeD SmCi tO gO uP $250 tO bReAk EveN REEE,2024-02-21T12:35:48.994Z
Grand-Angle-8754,"If PANW opens at 280, my puts will be up 3522%",2024-02-21T12:35:09.646Z
twostroke1,Pretty healthy market when the entire thing teeter totters on the quarterly earnings of 1 company.,2024-02-21T13:47:33.046Z
Theeliteshitposter,"If you liked PANW at 370, you‚Äôre going to LOVE it at 275",2024-02-21T14:06:34.478Z
stock_dude9,"AI is the most incredible transformation and advancement our society has ever seen, here‚Äôs my experience.
  
    Only 12 months ago when I called into my phone carrier to rectify a billing issue, I would get a robot that wouldn‚Äôt have any fkn clue what I needed and I would hammer 0 to get a human to speak with.
  
    NOW, only 12 months later when I call in I get a AI Robot that doesn‚Äôt have any fkn clue how to help me but now they fired all their humans and I don‚Äôt get helped.
  
    If you don‚Äôt see the opportunity here you‚Äôre regarded.",2024-02-21T15:46:33.966Z
Zachincool,I have serial upvoting disease. I literally have to upvote every single comment I see.,2024-02-21T13:29:45.769Z
Lopsided_Process5141,I ‚ù§Ô∏èü´µ,2024-02-21T13:30:18.534Z
andytobbles,FOMC minutes and NVDA earnings my god,2024-02-21T11:52:40.475Z
harryburton420,shoutout to the toilet traders. we don‚Äôt need a desk,2024-02-21T12:56:26.331Z
mistaowen,This whole 24 hour market thing allows individual stocks to get ripped to shreds on like 400 volume,2024-02-21T13:20:28.996Z
Theeliteshitposter,"I‚Äôm fully hedged for NVDA earnings today - bottled water, canned soup, and candles
  
    Just need to go buy a gun today to complete the hedge",2024-02-21T13:33:50.495Z
myironlung6,"Just made a 10,000% return on PANW puts. Gonna sit NVDA out I‚Äôm drained",2024-02-21T14:34:23.234Z
VeterinarianGlobal54,Let me tell you. Those Fed minutes really rocked the markets,2024-02-21T19:13:41.899Z
OPINION_IS_UNPOPULAR,The funniest timeline is where NVDA's results are completely in line with everyone's expectations and it just flat lines exactly where it is at close.,2024-02-21T19:48:30.662Z
NVDAismygod,Sir a second coffee has hit the bowels,2024-02-21T14:16:45.150Z
Rubiscon95,That asian chick on bloomberg is blinking so much ... I bet she's using morse code to send intel to China,2024-02-21T19:06:39.708Z
Gewoongary,"If you told me a few years ago the world economy is depending on some guy that wears a leather jacket I wouldn‚Äôt believe you.
  
    But here we are.
  
    Happy NVDA ER day for those that celebrate ü§ù",2024-02-21T11:43:39.593Z
chainerection,"‚ÄúGoldman‚Äôa trading desk calls NVDA most important stock on earth‚Äù
  
    Somebody‚Äôs desperate now",2024-02-21T12:13:31.494Z
Roxaos,PANW was a 100 bagger,2024-02-21T12:36:14.246Z
poggersSpongebob,Holyfuck I should sold amd at close yesterday.... Was down $180 now I'm down $2000,2024-02-21T13:22:18.514Z
mannycalls24,Every time I see ppl saying ‚ÄúChina is pumping‚Äù BABA is just at $74,2024-02-21T13:31:36.486Z
tuanzack,Sold my panw 322.5 puts at close yesterday and now I can‚Äôt sleep because I‚Äôm a paper handed little bitch üò¢üò¢,2024-02-21T14:03:08.084Z
clarence_worley90,"saw some comments yesterday telling people to buy PANW calls
  
    show yourselves regards",2024-02-21T14:08:15.889Z
Front_Umpire4873,What a horrible trading day.,2024-02-21T15:33:40.187Z
OhCanVT,imagine making life changing money and actually leaving this place,2024-02-21T15:52:39.310Z
Running_OutOfTime,"0% chance that NVDA earnings are bad!
  
    50% chance the stock goes down!
  
    50% chance the stock goes up!",2024-02-21T16:53:02.668Z
palmtreeforeveryone,"If your position gets more than 3 upvotes, you're fucked",2024-02-21T17:19:19.784Z
NVDAismygod,Crazy I have 5 earnings plays rn and they all are going the opposite direction of what I choseü§°,2024-02-21T18:24:46.992Z
NVDAismygod,Have already lost 40% of my NVDA call value and earnings haven‚Äôt even started,2024-02-21T18:33:39.878Z
Affectionate-Tax9885,FOMC minutes and NVDA earnings joining forces on the same day like Avengers Endgame -- except Thanos is your portfolio,2024-02-21T18:35:25.657Z
zg44,Markets struggling to figure out whether FOMC minutes were bullish or bearish.,2024-02-21T19:06:55.215Z
IntrepidAd2677,"STOP THE COUNT
  
    MY AVG PRICE IS
  
    ARM $150
  
    NVDA $740
  
    SMCI $1,050
  
    I‚Äôm so fucked",2024-02-21T19:44:49.686Z
Rhynoster,"Highest volume call option for NVDA is 1300 2/23
  
    A lot of people are gonna have sleep for dinner",2024-02-21T20:12:42.510Z
Accomplished_End7585,Shoutout to everyone in the office who can't focus on work right now,2024-02-21T20:45:13.225Z
Bruhdude333,I think this is the biggest ER I've ever witnessed in history,2024-02-21T21:02:49.103Z
DamnMyAPGoinCrazy,"NVDA releases earnings with guidance included

    ‚ÄúDon‚Äôt get too excited they haven‚Äôt released guidance‚Äù ‚Äî Bryson, 22, holding 1 put",2024-02-21T21:48:33.684Z
Zachincool,We gather here today as early morning gang. Bul and ber united by their morning,2024-02-21T11:08:09.869Z
Starkfault,‚ÄúOh your son‚Äôs a doctor? Mine‚Äôs a Reddit Mod‚Äù,2024-02-21T13:53:16.488Z
Xavii7,I JUST GOT A PROMOTION TO LEVEL 2 AT MY JOB ROLE. BUSTED MY ASS TO GET IT!  I don‚Äôt care what the market does today. I WON TODAY,2024-02-21T16:47:39.783Z
Higachwhat,How much do you guys think a commercial costs during NVDA earnings?,2024-02-21T17:21:25.885Z
Gewoongary,NVDA earning call will have more listeners/viewers than the Super Bowl and it‚Äôs not even close,2024-02-21T11:47:23.630Z
Mediocre-Gas-3831,Who they have for halftime show?,2024-02-21T11:48:34.025Z
Cclown69,Most of you in here have like one share of NVDA or some way otm call or put yet posting 24/7 about earnings,2024-02-21T12:59:42.440Z
mendelseed,"Just YOLO on $NVIDIA calls because I had a dream last night that Jensen tweeted 'Neptun is for the bulls üöÄ'. My financial advisor is my cat, Mr. Whiskers, and he approved. To the Neptun or living in a cardboard box by next week, let's go! üåïüíéüëê",2024-02-21T13:44:37.093Z
Polysorbate800,A lot of you were putting money in the market you couldn't afford to lose and it shows,2024-02-21T14:50:28.321Z
guccimane333,"My stepdad gave me my first ever insider trading tip, I bought it and am down 20% in two days and now the stock is halted. Pretty sure he‚Äôs a closeted homosexual idk",2024-02-21T15:27:56.498Z
__Shadowman__,The good thing about losing 50% of my portfolio is when I'm down 10% the next day the loss seems smaller,2024-02-21T15:42:20.219Z
WhiteColllarCrime_69,"SUMMARY OF FED MEETING MINUTES
  


    Fed officials believe rates are ""likely at their peak""
  


    Most officials note risks of cutting rates too quickly
  


    More progress toward 2% inflation needed before rate cuts
  


    Fed remains ""highly attentive"" to inflation risks
  


    Some officials warned of downside risks in overly restrictive policy
  


    Some officials see risks of inflation progress stalling",2024-02-21T19:11:29.510Z
Jabbermouth,"Fuck it I‚Äôm holding my SPY calls
  
    I am not settling for a 50% loss
  
    Give me break even or 100% loss fuck it",2024-02-21T19:53:55.254Z
juliettefriskey,Bears fumbled on the 1 yard line. Bulls bout to run it back for the TD.,2024-02-21T20:46:33.080Z
Jwelz90,"Just like It was way too bullish in here going into this week (and the last 52), it's now almost too bearish. Fuck.
  
    Holding a candle below my nuts and whatever animal sound I make in pain will be my determining factor.",2024-02-21T12:16:08.366Z
SnooDingos3776,Really don‚Äôt know why I‚Äôm holding calls at this point. Market going down all week,2024-02-21T12:50:49.453Z
Round-Lavishness-636,Regards buying calls after a 50% YTD run up deserve what‚Äôs coming,2024-02-21T13:12:00.161Z
callmeladygrey,Another -20% day on SMCI?,2024-02-21T13:36:55.566Z
theGanjaWeasel,"It‚Äôs a me, Retardio",2024-02-21T14:06:04.872Z
hkusbeckham,I fucking hate smci,2024-02-21T16:42:55.607Z
Youhavenostockw,My life savings are fucked . What should I tell my wife ?,2024-02-21T17:32:30.174Z
OptionsApe69,Very healthy market that we have to wait for a single company‚Äôs earnings to decide whether to get into any other company,2024-02-21T19:24:54.909Z
[deleted],Comment deleted by user,2024-02-21T19:56:50.906Z
ProfessorCommenter,I‚Äôm just gonna sit in the what are your moves tomorrow thread at 4:00 and refresh for an hour. That‚Äôs definitely the most hilarious way to watch these earnings unfold.,2024-02-21T19:57:30.160Z
Commercial-Hippo6284,"What ever happens today, just know you took the risk and tried, be proud of yourself. What ever happens happens and we‚Äôll try again tomorrow.",2024-02-21T20:17:27.229Z
RagMaxToRadMax,"People concerned about NVDA are totally ignoring the 2PM FOMC discussion
  
    That shit gonna affect your options more than NVDA",2024-02-21T11:51:12.184Z
31andnotdone,Keep buying calls guys.  Don't let them win.,2024-02-21T11:57:50.944Z
dkrich,"WSB front page be like
  
    NVDA
  
    NVDA
  
    NVDA
  
    NVDA
  
    NVDA
  
    NVDA
  
    NVDA
  
    NVDA
  
    NVDA
  
    NVDA
  
    NVDA
  
    NVDA
  
    NVDA",2024-02-21T12:36:09.580Z
optionsGPT,Is NVDA overpriced? Yes. Is AI a bubble? Yes. Will NVDA smash earnings? Yes. Will it keep going up for the next few weeks? Yes.,2024-02-21T12:55:43.378Z
Medical_LSD,When the whole US economy depends on a chip company‚Äôs earning,2024-02-21T13:13:55.200Z
somethingsilly010,Cramer says NVIDIA hasn't hit anywhere near its peak!,2024-02-21T13:44:33.732Z
Round-Lavishness-636,Super Micro Cock Inhalers,2024-02-21T14:11:52.129Z
SnooDingos3776,TESLA IS SO FUCKING ASS,2024-02-21T14:18:35.711Z
eyuuuuu,Well it looks like I just became a long term investor on NVDA,2024-02-21T15:57:37.515Z
Successful_Sir_7293,Why isn‚Äôt SMCI under 600 right now,2024-02-21T16:43:13.595Z
NVDAismygod,Only a 15x bagger can save me now,2024-02-21T17:28:40.002Z
Manos-de-papel,Just lost my life‚Äôs savings  ( it was $20),2024-02-21T17:59:06.871Z
Bennylegend,Watching this thread in real time is peak comedy,2024-02-21T19:05:29.090Z
futuredrake,This is like the stock market Superbowl,2024-02-21T20:30:06.771Z
animositisomina35,ü§°üß∏,2024-02-21T20:54:09.345Z
ConcentrateOdd8190,I'm panic pooping a lot because of NVDA,2024-02-21T11:20:43.891Z
OrganicCloudiness,People comparing today to the Super Bowl when it‚Äôs more like the fckng Catalina Wine Mixer.,2024-02-21T12:46:40.905Z
SKT_T1_eSports,Alright bagholders who's ready to lose their shirt,2024-02-21T13:01:03.436Z
plairboicarti,"a week ago this sub was 90% bulls. in hindsight, should‚Äôve full ported into puts. now today and even last night, this sub is 80% bears. what does this tell you?",2024-02-21T13:19:06.932Z
Zachincool,my parents gave me some money for my birthday - are you guys thinking what im thinking? :),2024-02-21T13:20:58.942Z
freddymojo,There's some real divorced dad energy coming from this thread,2024-02-21T13:26:34.843Z
Medical_LSD,USD should be pegged to Costco hot dogs üå≠,2024-02-21T18:42:28.105Z
trumpdiego,HOLY FUCK THE MARKET IS SIDEWAYSING,2024-02-21T19:18:32.656Z
onlyKetchupfans,"damn, nvidia is the most hated company on wsb all of a sudden",2024-02-21T19:41:32.837Z
HunterBidensdik,"AMC bag holders are still on their little sub posting pictures of lines at theaters as ‚Äúproof‚Äù of the conspiracy to hold down AMc from the mother of all short squeezes
  
    Sick cult",2024-02-21T19:56:12.187Z
itsnotshade,NVDA call owners will be browsing top ramen flavors soon,2024-02-21T20:07:18.237Z
natem25,"Just bought NVDA calls, I‚Äôm ready to be punished!",2024-02-21T20:26:04.234Z
andytobbles,Watch NVDA miss and it goes up 20%,2024-02-21T21:02:59.447Z
MachokeTheCryptoLord,"I can already taste the ""what do I full port to recover my nvda loses"" posts.",2024-02-21T13:39:59.602Z
twostroke1,"Brainwash bulls into thinking it only goes up. Train them to buy every single dip. Make them believe in the father, son, and holy V.
  
    Then one day it doesn‚Äôt go up. It doesn‚Äôt V. But your kool aid drinking bulls are there to buy your bags the whole way down. 

    Well played Rothschilds. Well played.",2024-02-21T13:42:15.506Z
LookAtMeImInAGang,Everyone's a genius during a bull market.,2024-02-21T13:42:57.469Z
SnooDingos3776,Can I just have a fucking win,2024-02-21T14:08:31.989Z
No-Establishment8330,Semis crashed three straight days and bols still cannot understand what‚Äôs coming AH today?,2024-02-21T14:18:40.733Z
LookAtMeImInAGang,"Ima write, ""Holy shittia, Nvidia!"", no matter which way it goes later.",2024-02-21T14:43:00.157Z
[deleted],Comment deleted by user,2024-02-21T14:49:53.906Z
GregoryOlinovich,I forgot how much fun this sub makes losing all my money feel,2024-02-21T17:51:10.282Z
ExactLobster1462,I will never financially recover from this,2024-02-21T18:03:30.680Z
[deleted],Comment deleted by user,2024-02-21T18:39:00.444Z
NVDAismygod,Smoking a joint right before NVDA earnings to spike my anxiety and cause so much stress on my body,2024-02-21T19:08:37.644Z
AbbreviationsNo6897,"I don‚Äôt know what‚Äôs gonna happen with NVDA, but I know one thing for certain. Whatever happens, everyone will say they saw it coming.",2024-02-21T19:10:48.330Z
Worried_Quarter469,"Well this is the exact opposite of the last 2 NVDA reports:
  
    they both had a week of green going into report, then NVDA tanked
  
    Here we have a week of red going into report ‚ÄîNVDA",2024-02-21T19:15:23.796Z
Randomsomedude,Some of you are going to lose a lot of fking money,2024-02-21T19:30:48.673Z
Jabbermouth,"Down 60% on SPY calls gonna take my loss
  
    Don‚Äôt do 0DTE kids",2024-02-21T19:43:32.669Z
solidsneeze,"NVDA increasing div, buyback, 5:1 split, 4x outlook, introducing super duper ai, and nvidia vision pro, and sending flowers to your mother",2024-02-21T20:49:29.940Z
FigaroKJ,Please NVDA i need to buy these new trump sneakers üò´,2024-02-21T21:08:14.561Z
FastandFurious2001,"Cramer said NVDA was 'nowhere near its peak""
  
    My calls are trembling in fear",2024-02-21T21:14:56.009Z
FlaccidSeaCucumber,NVDA SAVED THE ECONOMY BOYS. I'M LITERALLY SHAKING AND THROWING UP RIGHT NOW.,2024-02-21T21:35:04.221Z
QuarterTrader,Spy finna open at 505,2024-02-21T21:44:12.677Z
ag789,did the buls notice this might be the top ?,2024-02-21T11:21:03.644Z
LookAtMeImInAGang,I guess there's rain down in Africa or something like that.,2024-02-21T12:14:33.747Z
sonic_gottagofast_11,Nvda will find a way to fuck calls and puts,2024-02-21T12:52:33.181Z
michaeleatsberry,"We have white people 

    We have black people 

    We have a Latino 

    We have a dog 

    We have Froggies 

    We even have an ogre 

    And even a train 

    But no femboys",2024-02-21T13:23:12.068Z
Brscmill,Get the fuck back down there SMCI you piece of shit,2024-02-21T13:29:45.597Z
Youhavenostockw,Ngl this bear movement is weak,2024-02-21T13:31:36.077Z
Jelly__Rogers,"I work remotely for Palo Alto and my boss sent out a teams invite for the end of day for a ""General Discussion""
  
    Do you think it's a raise?",2024-02-21T13:53:18.042Z
NVDAismygod,"Literally why can‚Äôt I just have my 5K turn into a 50x bagger. Happens to other people all the time, why not me???",2024-02-21T13:59:13.990Z
Commercial_Method278,My wife thinks we‚Äôre gonna have a good retirement because of all the time and money I spend on ‚Äústocks‚Äù,2024-02-21T14:38:35.974Z
_unrealized_,The Fed minutes is an important event where your portfolio disappears in minutes.,2024-02-21T15:25:35.827Z
Ok-Veterinarian-2333,I want to be a millionaire without 9-5 job,2024-02-21T15:41:17.183Z
OkayThenBet,WRONG WAY!!!! HOLY FUCK MY LIFE SAVINGS IS IN NVDA!!1!1!1!!!,2024-02-21T17:16:52.907Z
Youhavenostockw,Buying a gun looking nice rn,2024-02-21T17:30:05.621Z
GlitchGodG,NVDA dumping to 500 AH confirmed. Smart money dumped all yesterday and today. Earnings got leaked. Big boys are out,2024-02-21T17:33:45.255Z
SleepiestGuyAlive,Anxiety so bad gonna puke rn,2024-02-21T17:33:48.379Z
EconomyNeat175,I may be fucked,2024-02-21T17:45:03.918Z
kk7766,The craziest thing happening in the world right now is some people actually watch The View,2024-02-21T17:49:35.671Z
trumpdiego,holy fuck we're all dead,2024-02-21T18:04:23.420Z
BagSelect,"FOMC minutes get posted on the federal reserve's website, which is probably first place you'd guess if you thought about it for even one second",2024-02-21T18:50:12.358Z
Running_OutOfTime,"99% chance that the Fed ""needs more data"" to make a decision about rates!",2024-02-21T18:50:12.980Z
Sea-Sky-3486,FED MINUTES: POLICYMAKERS GENERALLY NOTED THEY DID NOT SEE IT AS APPROPRIATE TO LOWER FUNDS RATE UNTIL GAINING GREATER CONFIDENCE IN INFLATION MOVING SUSTAINABLY TOWARD 2%.,2024-02-21T19:02:21.348Z
DamnMyAPGoinCrazy,Little regards went from -85% to now -75% ü•≥,2024-02-21T19:05:53.792Z
Legitimate-Owl-7137,Haven‚Äôt gotten a win since I started options,2024-02-21T19:15:54.162Z
TermCompetitive5318,"Listen sonny, I watched the Covid crash in real time. Nothing scares me",2024-02-21T19:19:43.112Z
freshjohnson69,Nvda 5k guy will soon be the guy sucking 5 g@y guys,2024-02-21T19:39:41.602Z
Jabbermouth,"Lost an entire week of gains by being greedy
  
    This game sucks",2024-02-21T19:46:47.985Z
angrybubblez,I hold the perfect combination of OTM calls and puts where no matter what happens tomorrow. I will lose money.,2024-02-21T19:48:50.339Z
EconomyNeat175,I DECLARE BANKRUPTCY!!!!,2024-02-21T19:54:33.627Z
Overlord335786,NVDA 1300c weeklies or you have,2024-02-21T19:57:48.299Z
Miserable_Message330,NVDA gonna announce AI was made up all along and was really just some dude typing back to you on chat gpt,2024-02-21T20:14:54.260Z
TylerInHiFi,"WSB: bearish
  


    Cathie: sold
  


    Cramer: bullish
  


    Have to inverse the majority and agree with Cramer. 3/8 1220c‚Äôs loaded.",2024-02-21T20:46:47.546Z
Such_Maintenance4720,this is really fun as someone who isn't playing NVDA lmao.,2024-02-21T21:02:02.605Z
Gnarkill-530,Rivian missed by 200 million on their guide good lord!,2024-02-21T21:14:05.988Z
istiak2603,Lmao both calls and puts are screwed.,2024-02-21T21:24:49.799Z
Hl_IM_MR_MEESEEKS,,2024-02-21T11:56:33.910Z
Gewoongary,"All 2024 gains just wiped out in the whole uranium sector in just 3 sessions.
  
    What.",2024-02-21T12:08:58.599Z
amoistsock,There is absolutely no way this many people are accurately calling the top,2024-02-21T12:33:51.019Z
NateDogg06,"Confucius says man who laugh last, probably not get joke.",2024-02-21T12:51:31.630Z
Teckel22,*CNN: MILLIONS IN AWE OVER NVDA EARNINGS; NATIONAL PRODUCTIVITY COMES TO A HALT,2024-02-21T13:13:15.118Z
megaxanx,the more red we are pre earnings the harder we‚Äôre going to rip. this is so fucking bullish.,2024-02-21T13:37:51.167Z
BoredPoopless,I have my performance review today. Can't wait to be told I spend too much time on r/wallstreetbets,2024-02-21T14:17:45.815Z
ElricWarlock,FUCK YESSSSSSSSSSSSSSS I MADE $20 PROFIT FUUUUUUUCKKKKKKKKKKK YEAHHHHHHHHHHHHHH,2024-02-21T14:44:19.735Z
ss1st,"Holy fuck, 5k puts on PANW yesterday now turned into a fuking house",2024-02-21T16:08:39.445Z
guccimane333,Looked away for 5 min and my spy puts now worthless sick,2024-02-21T16:09:58.163Z
yolodaily,If NVDA hits 1000 tomorrow then I‚Äôll accept Jesus Christ as my lord and savior,2024-02-21T16:48:05.818Z
VisualMod,"Ban Bet Won
u/SleazyAsshole made a bet that NVDA would go to 675.0 within 3 weeks when it was 717.1 and it did, congrats you fuckin nerd.
  
    Their record is now 29 wins and 21 losses
  
Join WSB Discord",2024-02-21T17:07:15.833Z
Forward_Observation,Why do I feel like Nvda is about to drop like 30 bucks,2024-02-21T17:18:18.714Z
ConcentrateOdd8190,"Bulls at NVDA 720 - generational buying opportunity
  
    Bulls at NVDA 670 - I'm scared to buyü§°",2024-02-21T17:40:27.065Z
Empland,NVDA full port for earnings!üëÄ,2024-02-21T17:56:20.148Z
optionsCone,"At $1215 per share, Nvidia will become the largest market cap in the world, exceeding Microsoft
  
    Elon jealous",2024-02-21T18:42:48.317Z
clarence_worley90,nvda gona move less than 5% and kill all options,2024-02-21T18:46:22.956Z
Mooseisgoose33,It‚Äôs been 2 minutes how many minutes are released ?,2024-02-21T19:03:07.588Z
ConcentrateOdd8190,"Fomc minutes was dogshit event, just like  i predicted",2024-02-21T19:07:15.837Z
Gadshill,Minutes are a non-event.   We will now resume our normal NVDA programming.,2024-02-21T19:09:25.135Z
KilltheK04,"Imagine holding NVDA weekies and knowing you ain't getting paid unless it moves 10%+
  
    What a dogshit bet lol",2024-02-21T19:10:12.789Z
trumpdiego,"I'm just going to say that if your whole economy depends on one companies earnings and saying ""AI"" a bunch of times. Maybe it's not that good of an economy.",2024-02-21T19:35:00.012Z
FeelingCulture649,"Damn, im poor AND stupid",2024-02-21T19:56:35.795Z
whitewashedsyrian,Who the fuck is buying 1300c 2/23 Nvda,2024-02-21T20:20:49.562Z
ImReallyGoated,"Nvda goes higher, no bad news in this market.",2024-02-21T20:47:04.586Z
yeedub,Who got their puts destroyed,2024-02-21T20:49:17.572Z
BEAR_STEARNS_CEO,Unfuckingbelievable,2024-02-21T20:56:56.996Z
seemefly1,That was fucking nuts. I bought 500c for .7 and sold 10 mins later for 1.4,2024-02-21T21:01:53.917Z
IdidntrunIdidntrun,"NVDA down $2
  
    Only $323 to go for my puts to be ITM",2024-02-21T21:02:39.596Z
__Shadowman__,Why are we here doing this lol is this the peak of our species,2024-02-21T21:08:01.515Z
iDanny26,Where is the all in 77k Rivian guy,2024-02-21T21:14:50.967Z
DataStructuresKid,"i have both NVDA calls and puts. If it stays like this , im completely screwed.",2024-02-21T21:25:42.123Z
alwaysmyfault,"JFC, anyone that bought at NVDA lows today is already up 10%.
  
    Congrats to all you out there that bought at 663 today.",2024-02-21T21:47:14.763Z
dufusmembrane,no one knows shit,2024-02-21T11:35:00.709Z
free_lions,PYPL is the gayest stock in existence,2024-02-21T12:27:51.152Z
freshjohnson69,"Oh God, some of you fucking idiots actually have 1000c for this week? Hahahahahaha, Remember you did this to yourself",2024-02-21T12:34:38.495Z
NoiseSubject9465,Ordered a single quality SSD from Amazon they sent me 2 üòé,2024-02-21T12:38:16.796Z
alfapredator,loser mentality is being bearish since 4400 and then gloating when SPX takes a minor tumble from 5050 to 4950,2024-02-21T12:38:26.093Z
Dadmomangrypants88,I can‚Äôt tell if inverse WSB is NVDA calls or puts‚Ä¶‚Ä¶,2024-02-21T12:38:55.425Z
Mynewbellows,I just hope everybody wins today.,2024-02-21T12:43:57.580Z
Chrg88,Just rizzed up the dentist office elderly staff,2024-02-21T12:48:17.040Z
BeepBoopDep,The amount of bears absolutely sure nvda will crash today makes me think it won't.,2024-02-21T12:54:20.259Z
bshehebebehh,LUNR is about to go crazy after halt ‚¨ÜÔ∏è,2024-02-21T15:24:07.413Z
[deleted],Comment deleted by user,2024-02-21T15:29:49.813Z
Confident_Falcon5095,Spy calls?,2024-02-21T15:38:53.666Z
Accomplished-Ice-680,Spy need to pick a side already,2024-02-21T15:55:59.368Z
[deleted],Comment deleted by user,2024-02-21T16:01:13.515Z
Newhere84939,Nvda earnings are the Super Bowl for sophisticated gamblers,2024-02-21T16:28:32.108Z
Vivid_Complex_2399,SMCI is done,2024-02-21T16:35:57.487Z
torta_di_crema,"All the gains made in 3 weeks gone, reduced to atoms",2024-02-21T17:17:55.045Z
I-bmac-n,Just a casual -$10k day for me. Hope this at least helps one person here feel better about themselves.,2024-02-21T17:20:59.603Z
RikeMoss456,"Does anyone here actually make money?

    I don't invest based off of any advice I get here...but I try to verify the predictions in this sub as they come to pass, and 90% of the time they are dead wrong lmao.",2024-02-21T17:22:07.850Z
stock_dude9,If NVDA has a ugly miss the world will fall apart tomorrow,2024-02-21T17:29:29.597Z
Bennylegend,NVDA about to pull off a META style earnings move,2024-02-21T17:35:38.338Z
Gandalfs_Shaft48,How we feeling about NVDA earnings bulls? ü§£,2024-02-21T17:44:50.410Z
Affectionate-Tax9885,"Big ‚Äúsell the news‚Äù energy rn. I think the market sells off no matter what, NVDA‚Äôs performance will just determine how much we recalibrate",2024-02-21T18:03:36.332Z
Samjabr,"i swear to god, as soon as I click ""sell"" on my puts, the QQQ just dives off a cliff. I mean, what are the freaking odds?",2024-02-21T18:03:56.327Z
winner_in_life,This hot chick cleaning my teeth is pressing her boobs against my face.,2024-02-21T18:06:42.018Z
jusjones314,47 minutes til we find out if Fed minutes really mean a fucking thing on the same day as NVDA earnings.,2024-02-21T18:14:15.050Z
-Dreamville-,Jesus fuck PANW was like fukin 100 baggers huh,2024-02-21T18:24:05.574Z
Frankfurter_i81U812,"For like just 30 minutes can we all just not speculate?
  
    Nothing seems to be going anywhere and saying the same 3 things over and over is getting lame.",2024-02-21T18:25:49.439Z
RockinOutCockOut,34 minutes until bears have mouth full of American girth,2024-02-21T18:26:57.520Z
31andnotdone,if you aren't tits deep in puts what are you even doing,2024-02-21T18:27:02.809Z
Jelly__Rogers,About to finance a Domino's pizza,2024-02-21T18:30:47.284Z
Hawkings-midget,Why tf is etsy pumping after I buy the puts,2024-02-21T18:44:02.019Z
galactaco,Too many people saying NVDA dumping‚Ä¶ calls it is,2024-02-21T18:46:17.286Z
Jelly__Rogers,"They really have me: punch my whole order into a tablet, bring a buzzer to the table, Get my own silverware and napkins, Fill my own drinks, pickup when it's ready, bus my own table when I'm done......and still ask if I would like to tip 22% ü§°",2024-02-21T18:52:31.973Z
pandarofl,Hope everyone has their cyanide capsules ready in case Nvidia tanks,2024-02-21T18:58:03.497Z
animositisomina35,I wish I could buy puts on the people who think Jerome is speaking at 2 PM today.,2024-02-21T18:59:24.256Z
freshjohnson69,I'm not looking at fed minutes. Summarize it for me slaves,2024-02-21T19:13:29.850Z
Unlucky_Direction882,There will be a lot of gain and loss porn by the end of tomorrow,2024-02-21T19:13:46.193Z
NVDAismygod,I have gotten two earnings plays right in my life. Going for number 3 today,2024-02-21T19:15:16.990Z
TanSuede,"Damn, just inverse me and you could be a billionaire in a month",2024-02-21T19:25:10.821Z
TheRegardedOne69,Playing nvidia earnings is like losing your virginity. You count down the days until its finally happening and when the day comes you shake with excitement. Then you get bent over and absolutely fucked.,2024-02-21T19:32:56.638Z
parsley_lover,Why are some people so inconsiderate? Why so much unnecessary talks in the meetings? Some of us trade options during work hours.,2024-02-21T19:33:43.757Z
kk7766,"An average WSB users portfolio:
  
    $NVDA $1000 calls expiring Friday
  
    $SMCI $1500 calls expiring Friday
  
    $TSLA $300 calls expiring March
  
    $DWAC $10 puts expiring March",2024-02-21T19:39:18.234Z
ThatOneRedditBro,This is going to be wild. A lot of money will be made and lost tomorrow morning.,2024-02-21T19:41:48.006Z
TurbulentAd2553,Fuck it. Holding my $1000 3/1 Calls through earnings. Rather be a King Regard than a paper hand pussy. May the IV have mercy on us all.,2024-02-21T19:45:57.132Z
[deleted],You poorons couldn‚Äôt even keep spy over 500 for a day.,2024-02-21T19:47:18.136Z
SleepiestGuyAlive,NVDA dumping rn so it can pump to $700,2024-02-21T20:11:01.327Z
Huckleberry_Holiday,Went from 11k to 52k to 11k. Profit taking is for üåà‚Äôs,2024-02-21T20:13:21.345Z
Beav710,I'm about to lose $20k this week,2024-02-21T20:13:28.050Z
DooDoo1245,"This is so exciting, like a sports championship game. And I don‚Äôt even have skin in the game.",2024-02-21T20:17:24.079Z
UnObtainium17,NVDA will destroy earnings and estimates but moves sideways because it just ran up so much. thats it.,2024-02-21T20:19:33.777Z
Devocean77,My green days are like +0.26%. my red days are usually like -12.43%. I've lost so much money since January 1st. Ugh.,2024-02-21T20:30:09.973Z
drunktothemoon,"Whatever happens after earnings, DONT CRY. be a man.",2024-02-21T20:31:04.847Z
Psychological-Good69,Nvda leaked,2024-02-21T20:43:13.072Z
Southwestern,NVDA will trade between 675 and 680 all day tomorrow as a PhD level class in Theta.,2024-02-21T20:45:49.372Z
Bruhdude333,Where to watch the earnings call?,2024-02-21T20:46:33.780Z
wallstreetsimps,NVDA #1 NVDA #1 NVDA #1 NVDA #1 NVDA #1 NVDA #1 NVDA #1 NVDA #1 NVDA #1 NVDA #1 NVDA #1 NVDA #1 NVDA #1 NVDA #1 NVDA #1 NVDA #1 NVDA #1 NVDA #1 NVDA #1 NVDA #1 NVDA #1 NVDA #1 NVDA #1 NVDA #1 NVDA #1 NVDA #1 NVDA #1 NVDA #1 NVDA #1 NVDA #1 NVDA #1 NVDA #1 NVDA #1 NVDA #1 NVDA #1 NVDA #1 NVDA #1 NVDA #1 NVDA #1 NVDA #1 NVDA #1 NVDA #1 NVDA #1 NVDA #1 NVDA #1 NVDA #1 NVDA #1 NVDA #1 NVDA #1 NVDA #1 NVDA #1 NVDA #1 NVDA #1 NVDA #1 NVDA #1 NVDA #1 NVDA #1 NVDA #1 NVDA #1 NVDA #1 NVDA #1 NVDA #1 NVDA #1 NVDA #1 NVDA #1 NVDA #1 NVDA #1 NVDA #1 NVDA #1 NVDA #1 NVDA #1 NVDA #1 NVDA #1 NVDA #1 NVDA #1 NVDA #1 NVDA #1 NVDA #1 NVDA #1 NVDA #1 NVDA #1 NVDA #1 NVDA #1 NVDA #1 NVDA #1 NVDA #1 NVDA #1 NVDA #1 NVDA #1 NVDA #1 NVDA #1 NVDA #1 NVDA #1 NVDA #1 NVDA #1 NVDA #1 NVDA #1 NVDA #1 NVDA #1 NVDA #1,2024-02-21T20:46:38.532Z
pajaemainroad,Puts on my mental well being,2024-02-21T21:06:28.805Z
CLAMACID,ETSY MISSED BY 21%???,2024-02-21T21:15:21.396Z
optionsGPT,When was the last time there was this much anticipation?,2024-02-21T21:16:35.131Z
CLAMACID,CALLS ARE PRINTING (not mine but good job guys),2024-02-21T21:30:10.835Z
AlwaysATM,Bet NVDA pumps hard after earnings,2024-02-21T12:49:59.369Z
MassBroShops,"How many more of you morons are going to make a post asking what is going to happen to NVDIA post earnings?
  
    NO ONE FUCKING KNOWS",2024-02-21T12:55:36.220Z
Remote_Construction8,Market showing sings of taking a dump and half the comments on the sub are about diamond handing and doubling down on nvda calls.,2024-02-21T12:56:13.111Z
Medical_LSD,"You never want to date a poor women. What value does she bring to your life? How will she pay for 100% of the date? She can give me emotional support, but most of it can be through monetary value",2024-02-21T12:58:50.592Z
hvnwntw8,NVDA gonna be the Intel and Cisco of our generation,2024-02-21T13:00:23.988Z
BagSelect,"Many people seem convinced NVDA earnings will cause either a market-wide crash or pump, but it‚Äôs not actually that important an event",2024-02-21T13:02:09.903Z
ElonTaxiDriver,So buying SPY calls at close yesterday was not the move,2024-02-21T13:02:20.295Z
captain_holt_nypd,this is such a classic bear trap opening. start red and end in green,2024-02-21T13:12:42.584Z
Its_Stir_Friday,I love seeing all these hilarious NVDA takes. Makes me feel all warm and regarded inside,2024-02-21T13:21:25.031Z
BagSelect,You can tell a play is absolute dogshit if the DD involves the words ‚Äúshort interest‚Äù,2024-02-21T14:21:49.948Z
Roxaos,"PANW 300p weeklies, $30->$3500.",2024-02-21T14:33:29.649Z
[deleted],Comment deleted by user,2024-02-21T14:33:56.882Z
Very_Regarded,"Just cleared 215k on on PANW puts from a 5k investment.
  
    My only regret? Not buying more",2024-02-21T14:35:19.708Z
SmokinMorningWood,"looking to 2X my money in the next 17 minutes, any ideas?",2024-02-21T14:43:20.417Z
ItradebetterthanU,I hit a TRUE 100 BAGGER on PANW. Bought at $33 sold at $3333,2024-02-21T14:49:15.399Z
Tim_Riggins_,A 7th plane has hit PANW,2024-02-21T14:53:06.766Z
optionsCone,"Jim Cramer just said there might not be any rate cuts in 2024. In other words, 15 cuts coming",2024-02-21T14:58:11.694Z
UnholyTrigon,WSB is 80% bearish but I haven‚Äôt seen any of the bears post their 5 year trading chart..I wonder why,2024-02-21T15:01:07.145Z
sonic_gottagofast_11,Some of yall dont realize that not playing nvda is an option,2024-02-21T15:10:58.402Z
LongJohnBitcoin,These pump and dumps always dump as soon as I get in on them,2024-02-21T15:15:41.780Z
itsnotthatbad21,No one knows what to do with NVDA,2024-02-21T15:17:42.744Z
Successful_Wedding82,You can spot the unemployed regards by counting how many people they're currently harassing under their comments,2024-02-21T15:17:50.030Z
ZealousidealShip6661,Just FOMO in LUNR. Am I dumb?,2024-02-21T15:38:00.579Z
NutInHerAzz,I hate the HR departmentü§¨ü§¨ü§¨,2024-02-21T15:41:00.278Z
MyFilmTVreddit,"I've never had a good ER experience so I got out of NVDA last week, but the comments here are so bearish it's insane. If it rips it is going to be like QAnon delaying the date of JFK's return-- ""the crash will be even bigger now!! it's coming NEXT week!!!""
  
    That being said hard to imagine NVDA not dropping AH. But I bet it recovers quickly over the following days. Just like AAPL ER days back when that stock actually moved.",2024-02-21T15:50:10.632Z
drxnkmvnk,Today's reversal of fortune is a stark reminder that this shit can be hard. Guess I need to keep kissing ass at work for now,2024-02-21T15:52:41.244Z
Goldleader-23,Sell now and lose 40% on my calls or hold and lose everything... Fun choice,2024-02-21T15:53:27.616Z
[deleted],Comment deleted by user,2024-02-21T15:57:22.115Z
Jonny_Nash,This NVDA earnings call is shaping up to feel like the Super Bowl.,2024-02-21T15:59:14.345Z
Jelly__Rogers,We're closing green,2024-02-21T16:13:51.089Z
[deleted],Comment deleted by user,2024-02-21T16:26:28.414Z
Gandalfs_Shaft48,Anyone else looking forward to the AI crash tomorrow?,2024-02-21T16:35:06.926Z
colliric,"Google's AI is Fucking terrible.
  
    The beginning of the bubble burst?",2024-02-21T16:36:24.573Z
skin_flute_player,SMCI Bols getting that Super Massive Cock Inside them right now.,2024-02-21T16:41:11.589Z
Evander85,Calls on NVIDIA is the only Hedge I have against my job being automated in the next 24mos,2024-02-21T16:47:22.508Z
Polysorbate800,The healthiest markets rely solely on a single stock to determine their fate,2024-02-21T17:01:40.862Z
3rdWorldAutist,"Sir, a second tower has hit the nvda tower",2024-02-21T17:08:38.813Z
Hairy-Advertising403,nvda earnings leak,2024-02-21T17:16:24.887Z
pravalav,EVERYBODY OUT,2024-02-21T17:18:25.284Z
nokittythatsmypotpi3,So since nvda already dipped 10% we‚Äôre good for earnings right?      RIGHT???!,2024-02-21T17:22:10.931Z
nzholtok,It‚Äôs the hope that kills you,2024-02-21T17:22:54.745Z
Apprehensive_Ad2427,AMD PUTS BECAUSE NVIDEA PUTS TO EXPENSIVE,2024-02-21T17:34:29.179Z
Hairy-Advertising403,bullish on nvidia earnings,2024-02-21T17:42:34.488Z
sloanemonroe,"Market is in no man‚Äôs land right now. Could go anywhere. You know, like any other time.",2024-02-21T17:47:11.009Z
95percentthere,By the end of day half of us will be typing ‚Äúi lost it all‚Äù,2024-02-21T17:50:29.998Z
Diamondhands4dagainz,Hope NVDA fucks the market,2024-02-21T17:54:23.821Z
OptionsApe69,Bonds absolutely plummeting lmao dumbass bulls,2024-02-21T18:06:28.058Z
Devocean77,"If I set a stop loss, guaranteed it gets triggered, just to shoot back up immediately after. If I don't set a stop loss, guaranteed the stock craters and literally never comes back. Idk how they can rig things so perfectly.",2024-02-21T18:13:20.238Z
Jared2338,FOMC is in 45 minutes right?,2024-02-21T18:16:50.827Z
Peach-State-Daddy,"The best part of losing large amounts of money early in your trading career is it numbs you to losses in the future so that one day, maybe, you'll win one.",2024-02-21T18:22:35.198Z
Jelly__Rogers,"Sir, your card was declined",2024-02-21T18:23:01.731Z
[deleted],Comment deleted by user,2024-02-21T18:31:18.919Z
michaeleatsberry,"I know a guy who embezzled $100K
  
    He's a douche, if you couldn't tell",2024-02-21T18:33:37.198Z
[deleted],Comment deleted by user,2024-02-21T18:35:02.430Z
_unrealized_,"You can definitely read, process/analyze, and understand the Fed minutes before the highly trained supercomputer.",2024-02-21T18:35:23.772Z
PandemicInvestor,"Sometimes I truly wonder if I can own my own home one day. Rent being crazy, salary so shit im saving 100-300 a month depending on the expenses. I feel like everyone that owns a home as a millennial got gifted by their parents. How do you make it out bro? For real",2024-02-21T18:36:10.892Z
kangadegen,"My coworker is a 43yo dude who only eats meat. Straight up just red meat. No carbs, veggies, or fruits. No fish. No chicken. Just ground beef and steaks. He claims to feel the best he‚Äôs ever felt in his life.
  
    He poops once a week ‚Äúat most‚Äù.",2024-02-21T18:48:19.328Z
Miserable_Message330,FOMC Minutes: Committee agrees that the pee is stored in the balls,2024-02-21T19:01:57.520Z
Aggravating_Fig6288,"Algos don‚Äôt know what to do, puts on AI stocks",2024-02-21T19:02:45.273Z
questar723,FOMC really said nothing,2024-02-21T19:03:08.326Z
backleftwindowseat,Back to your regularly scheduled boredom,2024-02-21T19:07:07.548Z
stock_dude9,No position but wouldn‚Äôt be shocked to see NVDA vertical into close,2024-02-21T19:08:16.216Z
ComfortableOwl0,Everyone posting Shrek and Clifford all over and meanwhile literally nothing happening,2024-02-21T19:08:34.645Z
Interpersonal,Imagine putting all of your money into options on a company that sounds like a shitcoin scam. Super Micro Computer? Really guys?,2024-02-21T19:10:38.940Z
[deleted],Comment deleted by user,2024-02-21T19:19:05.083Z
VisualMod,"Ban Bet Lost
u/yaboiRich made a bet that SPY would go to 480.0 within 1 day when it was 495.914 and it did not, so they were banned for a week.
  
    Their record is now 3 wins and 26 losses
  
Join WSB Discord",2024-02-21T19:20:42.858Z
Accomplished_Suit651,"On the bright side, I didn't have much life savings in the first place",2024-02-21T19:25:00.533Z
BullsAintBlack,"AH is either going to be a meteoric rise or a depression level crash.
  
    Reality: theta gang always wins",2024-02-21T19:25:43.058Z
ExactLobster1462,With the amount of SPY calls I bought today I'm gonna be a billionaire in the next couple weeks,2024-02-21T19:30:13.701Z
shinzo123123,IM COOKED,2024-02-21T19:33:25.084Z
lilfartbuttstinkhole,I hope every bear in here loses everything when NVDA beats and rockets AH and the whole market follows the next day,2024-02-21T19:39:02.954Z
Jabbermouth,"This market is fake and gay
  
    I am about to take a 5k loss on my SPY calls",2024-02-21T19:41:26.891Z
BatOutside,I don‚Äôt even own NVDA but I‚Äôm nervous for 4,2024-02-21T19:42:02.579Z
trumpdiego,So you have to bet $3500 to make $300 if it beats earnings? This casino is fucked up.,2024-02-21T19:55:44.773Z
Theeliteshitposter,This is going to be the longest hour of our lives,2024-02-21T20:02:08.740Z
itsnotshade,No Christian should touch Nvdia at $666,2024-02-21T20:04:17.545Z
__Shadowman__,I'm the regard that had 45k cash in a 67k account Friday before I decided to yolo everything on calls,2024-02-21T20:06:28.584Z
AbbreviationsNo6897,If NVDA pulls a -15% move I am financially ruined,2024-02-21T20:14:42.308Z
Sufficient-Contact36,"10 bucks they try and scare us into a panic sell off, huge bounce at 3:59, nvidia CRUSHES earnings, entire market goes on a nasa spaceship with leather jacket mans face on the front of it to the fuckin moon",2024-02-21T20:15:02.487Z
freshjohnson69,"Over 16,000 1300c really shows you how smart retail is",2024-02-21T20:15:53.231Z
Top_Pomelo7780,The whole market is really relying on one stock,2024-02-21T20:16:45.853Z
winner_in_life,Just woke up from a 5 day coma. My smci 1500c probably printed.,2024-02-21T20:17:00.386Z
RoyalBug,"Are you actually scared of going broke?
  
    Do you think your money follows you when you die? its all protons and electrons, just full send it.",2024-02-21T20:22:11.308Z
yungjodye,"im nervous, everyone lets group hug naked",2024-02-21T20:25:01.582Z
ConcentrateOdd8190,LMAO BERS GOT TRAPPED,2024-02-21T20:41:17.130Z
lilfartbuttstinkhole,"Fuck the bears, it‚Äôs personal",2024-02-21T20:45:08.079Z
baconography,I can't tell if this is bullish or bullshit lol,2024-02-21T20:45:38.447Z
Theeliteshitposter,"EVEN WHEN THE BEARS WIN, THEY STILL LOSE",2024-02-21T20:46:20.653Z
__Shadowman__,"68k Friday, 28k now",2024-02-21T20:46:49.061Z
Unlikely_Brilliant87,Spy $505 or $485 the only way I can survive this tomorrow,2024-02-21T20:48:23.931Z
losekiloaskme,NVDA 800C weeklies only $500....,2024-02-21T20:48:47.086Z
monkecoin,many new traders (gambling professionals) are going to learn what iv crush is today,2024-02-21T20:49:03.180Z
TheScourgeOfHumanity,Rooting for my NVDA bulls. Sitting this one out ü´°,2024-02-21T20:51:44.450Z
InvestmentActuary,WHAT THE FUCK WAS THAT RALLY INTO CLOSE HOLY SHIT,2024-02-21T21:00:23.571Z
xlmtothemoon,my heart is actually racing lol,2024-02-21T21:00:32.095Z
Theeliteshitposter,"Someone loaded $12M of NVDA 680 calls at 3:45
  
    üëÄüëÄüëÄüëÄüëÄüëÄ",2024-02-21T21:00:47.476Z
Xavii7,Good luck to everyone. Bulls and bears. I hope you all win today.,2024-02-21T21:02:18.896Z
eat-clams,boutta be a millionaire off of 45 doll hairs,2024-02-21T21:03:11.142Z
right2bootlick,I'm a bear and I think Nvidia is going to 800,2024-02-21T21:03:30.391Z
Ok-Choice-4647,"All in on LUNR, let's hope they can land this shit box tomorrow",2024-02-21T21:15:19.078Z
CLAMACID,WHY GOD when is it my turn for a 20% move,2024-02-21T21:17:35.001Z
free_lions,Imagine still posting in the weekend thread,2024-02-21T11:01:05.243Z
trainwreck001,IF SPY WAS GOING TO TANK IT WOULD HAVE DONE IT ALREADY.,2024-02-21T12:53:57.377Z
OhCanVT,trading in hindsight is the only sure way to never lose,2024-02-21T13:35:08.479Z
Training-Custard-788,"dude i love changing my mind last minute and buying PANW calls before close, haven‚Äôt checked yet i hope they print",2024-02-21T13:39:08.251Z
greatbritain813,"To whoever thought to buy PANW $260p yesterday before close, I hope you step on a lego on your way to the bank",2024-02-21T13:40:23.744Z
WhiteColllarCrime_69,"NVDA earnings day is now a national holiday for traders.
  
    No need to go into work today, boys!!!",2024-02-21T13:45:05.901Z
throughthehazel,AI keeping track of the people selling NVDA better hold or T-1000  is coming for you,2024-02-21T13:45:42.659Z
Frozen_Shades,"WallStreet Bets is only ranked #49
  
    So many lost regards in the ether not yet joined",2024-02-21T13:46:33.971Z
nicholasCageSucks,$LCID gon finally be a penny stock today.,2024-02-21T13:49:28.507Z
yodamelon,Let‚Äôs get on with it. NVDA to the moon,2024-02-21T13:58:04.259Z
Youhavenostockw,Boys we will be green today,2024-02-21T14:05:30.163Z
MarcoPolooooo,All I want to is 200% my 2k everyday for the rest year and put profit of stocks‚Ä¶,2024-02-21T14:08:20.805Z
MP1182,Really have no idea why I still have to go to work on NVDA Earning Day.,2024-02-21T14:11:21.859Z
No-Establishment8330,Intel crashed on ER. AMD Crashed on ER. VRT and SMCI also crashed. Next step is obvious. NVDA gonna crash today. This is part of the history,2024-02-21T14:11:22.927Z
Mediocre-Gas-3831,Anyone of you heard this company called Nvidia (ticker: NVDA)? They have earnings call today,2024-02-21T14:11:37.103Z
BobaMoBamba,If SMCI goes down 12% today then I‚Äôll buy my gf a Dior necklace.,2024-02-21T14:12:51.677Z
NVDAismygod,"Wow the universe is great, got my tax return, my paycheck and my bonus all coming in Friday. When I inevitable blow up my account on NVDA today I can just reload next week",2024-02-21T14:13:50.433Z
22strokestreet,Creamer is so bullish on NVDA it worries me,2024-02-21T14:19:10.090Z
Ok-Veterinarian-2333,I will ask her out. I will accept if she accepts or rejects me. I‚Äôll move on if she rejects,2024-02-21T14:20:42.286Z
Neither_Elk7410,Best of luck to everyone today.,2024-02-21T14:23:25.467Z
plairboicarti,full port calls at 30 min after open,2024-02-21T14:27:33.827Z
clarence_worley90,WHY DO YALL KEEP BUYING SMCI,2024-02-21T14:38:55.010Z
andytobbles,I‚Äôm theoretically down quite a bit of money today,2024-02-21T14:43:11.044Z
rbatra91,"Q‚Äôs drop 1%
  
    WSB down 80%
  
    How tf",2024-02-21T14:55:29.854Z
22strokestreet,Super Micro Cum Inserter,2024-02-21T15:12:34.787Z
AJDillonsMiddleLeg,"I called the market to see what's up. It said ""I ain't doin nothin til daddy speaks"" and immediately hung up on me.",2024-02-21T15:12:52.800Z
OhCanVT,"knees weak arms are heavy
  
    full ported into lunr already
  
    mom's spaghetti",2024-02-21T15:14:24.061Z
Fatt-Elvis,"NVDA is going to be up, down or flat after earnings.  You heard it here first",2024-02-21T15:18:53.606Z
BagSelect,Get fucked pump and dumpers you are actual scum,2024-02-21T15:33:17.407Z
0dtespycallsmistake,Looking at comments here I have never been so positive nvda is ripping 10% after ER,2024-02-21T15:43:34.723Z
_unrealized_,"As soon as I buy calls, it dies. As soon as I buy puts, it moons!
  
    Could it simply be that I am picking shit at random?
  
    No, it is the markets that are rigged.",2024-02-21T15:49:23.642Z
galactaco,Can we skip to spy $500,2024-02-21T15:51:19.155Z
JustLurkCarryOn,That sadness when your position is up but not as up as it was.,2024-02-21T15:54:45.791Z
IamBusha,Tmr spy 505,2024-02-21T15:56:07.771Z
SceneSlow2,"Every single day, there's a trading opportunity to become very rich.
  
    Yet you still lose money every day.",2024-02-21T15:59:43.204Z
[deleted],"Wsb regard logic:

    Buying NVDA‚Äôs herculean pre-earnings run up: 

    Placing account-jeopardizing trade the day of:",2024-02-21T16:00:01.791Z
Goldleader-23,Market pinned af today. Theta gang laughing to the bank,2024-02-21T16:02:13.338Z
Star_Lord924,I think people are expecting NVIDIA to drop and plummet. Which means they are gonna do the opposite and inverse our plan. But they'd have to know we would think of that so they'd inverse what our inverse is. But could we also have thought of that? So idk wtf the play is gonna be here. Not a snowballs chance in hell. Go with your gut. Risk it for the biscuit.,2024-02-21T16:03:47.805Z
__Slick_iG_,"ETSY LOST 700 MILLION DOLLARS LAST QUARTER
  
    ALL IN PUTS",2024-02-21T16:04:59.548Z
NVDAismygod,Only down 4k today!!!!,2024-02-21T16:07:31.541Z
billybeesesteak,Of course the funniest option is happening. Everything flat,2024-02-21T16:10:53.479Z
guccimane333,"Nvidia earnings really is the Super Bowl, everyone should be placing bets, not to make money but to have fun ü§ó",2024-02-21T16:11:52.049Z
Youhavenostockw,Bears have won,2024-02-21T16:30:58.385Z
3rdWorldAutist,Lmao it just keeps dumping,2024-02-21T16:33:10.990Z
[deleted],Comment deleted by user,2024-02-21T16:34:41.825Z
MADBADBRADYT,I miss the 2022 bear market so much. I remember when this sub was in complete denial when it was starting out.,2024-02-21T16:35:50.139Z
monochrome_f3ar,That LUNR halt seriously fucked it up. Hopefully tomorrow we‚Äôre at 15+,2024-02-21T16:37:01.008Z
clarence_worley90,SMCI holders finally collected their singular brain cell and decided to get out before the crash tomorrow,2024-02-21T16:41:00.698Z
Life_Record_4935,It would be pretty neat if smci went below 650 today,2024-02-21T16:41:42.050Z
Codyskank,Literally all of you dumbasses gonna lose money on NVDA,2024-02-21T16:49:34.428Z
Running_OutOfTime,"I tried to quit gambling, but I'm back for NVDA earnings! üò¢",2024-02-21T16:55:30.161Z
hoobaacheche,94% analysts bullish on NVDA and have buy rating; this is the top folks!,2024-02-21T16:59:17.017Z
HelloEveryone21,So everything crashes simultaneously ...a full 2 hours before the todays release.  Nothing to see here...,2024-02-21T17:09:20.681Z
xt08,"DUMP THIS OVERVALUED NONSENSE, SMCI $600 eod easy",2024-02-21T17:11:17.459Z
LongJohnBitcoin,Somebody knows something,2024-02-21T17:13:16.025Z
NVDAismygod,My calls are cooked,2024-02-21T17:14:36.137Z
ElricWarlock,people on r/smci_stock really thought they'd be retiring on this one day,2024-02-21T17:18:41.260Z
AbbreviationsNo6897,This dump is only giving me more conviction somehow,2024-02-21T17:21:17.791Z
Icy-Indication-6910,Guhhhhh. This market is done for if NVDA tanks their earnings,2024-02-21T17:24:44.516Z
ninkorn,"NVDA at $666
  
    Ominous imo",2024-02-21T17:25:29.085Z
Theeliteshitposter,"My cashier asked why I cleared out the entire shelf of Campbells, Ramen, and bottled water‚Ä¶
  
    I gave him the  look and told him it was a hedge against NVDA earnings",2024-02-21T17:31:36.186Z
tendeeznuts,"So NVDA bombs earnings, opens under $600
  
    I buy $635C 2/23 and get rich
  
    Got it",2024-02-21T17:32:00.528Z
Round-Lavishness-636,Ticker will be changed to NVDGUH for tomorrows open,2024-02-21T17:32:30.036Z
Ok-Entrepreneur4967,SPY calls,2024-02-21T17:35:27.930Z
KonMs,"If Nvidia fails, it will be the beginning of the ww3",2024-02-21T17:40:03.360Z
yodamelon,People are acting like NVDA is going to announce chapter 11 on the call tonight. Jesus calm down.,2024-02-21T17:42:21.089Z
BeepBoopDep,There is nothing more bullish for tech than wsb being bearish on nvda,2024-02-21T17:43:13.079Z
Pure_Chef_9762,Does NVIDIA basically determine where all the other AI stocks go,2024-02-21T17:46:33.760Z
katebushthought,Send a raven to King‚Äôs Landing immediately,2024-02-21T17:53:45.922Z
ConcentrateOdd8190,NVDA's gonna fk my wife and eat my kids,2024-02-21T18:15:28.003Z
Left_Jellyfish3816,"betting my entire 2 week pay on nvda dumping, lord the pain i‚Äôm probably about to feel",2024-02-21T18:30:05.839Z
slackerdc,"NVDA Bull case - They have beat earnings 7 out of 8 of the last quarters. AI is still emerging market that is seeing a lot of movement and doesn't appear to be slowing down. Blackwell is expected later this year and will probably exceed interest in Ada.
  
    NVDA Bear case - Cramer agrees with the bull case.",2024-02-21T18:37:43.351Z
Running_OutOfTime,"Easiest way to lose money:
  
    Buy calls on EV stocks!",2024-02-21T18:42:45.360Z
deuce-deuce-pap,"Half the sub about to be fucking decimated.
  
    Love to see it",2024-02-21T18:48:56.249Z
Red_Dude_East,"Man, I‚Äôm already anticipating these ‚ÄúLMAO BEARS‚Äù comments when I get fucked by this green dildo in 6 minutes üò≠",2024-02-21T18:54:13.717Z
MaxVerstudpen,Loooool stupid bers,2024-02-21T19:04:18.104Z
3rdWorldAutist,Market just went full regard literally doesn‚Äôt know what to do lol,2024-02-21T19:07:34.561Z
SocialSuicideSquad,wait till the humans finish reading the minutes.,2024-02-21T19:07:50.249Z
ExactLobster1462,Calls are literally a safe haven if you're not buying you're fucked,2024-02-21T19:17:25.090Z
DataStructuresKid,both sides are getting destroyed. Theta wins this.,2024-02-21T19:20:22.798Z
chase2g,Stupid ass market go up or down already. Fk u theta gangs,2024-02-21T19:20:36.201Z
Youhavenostockw,So nvda earning is our fate,2024-02-21T19:20:42.081Z
DipBandit420,The market is just waiting for the close and it shows,2024-02-21T19:21:45.320Z
Nils_Blum,‚†Ä‚†Ä‚†Ä‚†Ä‚†Ä‚†Ä‚†Ä‚†Ä‚¢â‚£ê‚£Ç‚¢§‚£Ñ‚£Ä‚£Ä‚£Ä‚£Ä‚£á‚£º‚°†‚†Ä‚†Ä‚†Ä‚†Ä‚†Ä‚†Ä‚†Ä‚†Ä‚†Ä‚†Ä ‚†Ä‚†Ä‚†Ä‚†Ä‚†Ä‚†Ä‚†Ä‚¢Ä‚£Ä‚°¥‚†õ‚†â‚†â‚†Ä‚†Å‚†Ä‚†Ä‚†Ä‚†â‚†ë‚†¶‚°Ä‚†Ä‚†Ä‚†Ä‚†Ä‚†Ä‚†Ä‚†Ä‚†Ä ‚†Ä‚†Ä‚†Ä‚†Ä‚†Ä‚†Ä‚††‚°ø‚†õ‚†Ä‚†Ä‚†Ä‚†Ä‚†Ä‚¢¨‚¢¶‚†Ä‚†Ä‚†Ä‚†Ä‚†Ä‚†ò‚¢Ü‚†Ä‚†Ä‚†Ä‚†Ä‚†Ä‚†Ä‚†Ä ‚†Ä‚†Ä‚†Ä‚†Ä‚†Ä‚†Ä‚¢∏‚†Å‚†à‚†Ç‚†Ä‚°†‚†í‚†¢‚†Ä‚†Å‚†Ä‚†Ä‚†Ä‚†Ä‚†Ä‚†Ä‚†ò‚°Ü‚†Ä‚†Ä‚†Ä‚†Ä‚†Ä‚†Ä ‚†Ä‚†Ä‚†Ä‚†Ä‚†Ä‚†Ä‚°á‚£†‚°ø‚†É‚†Ä‚†Ä‚£¥‚£¶‚†É‚†Ä‚†Ä‚†Ä‚†Ä‚†Ä‚†Ä‚†Ä‚†à‚†£‚£Ñ‚†Ä‚†Ä‚†Ä‚†Ä‚†Ä ‚¢Ä‚£§‚£§‚£§‚£§‚£º‚°ì‚†ä‚†Ä‚†Ä‚†Ä‚†§‚†ø‚†ã‚†Ä‚†Ä‚†Ä‚†Ä‚†Ä‚°Ä‚†Ä‚†Ä‚†Ä‚†Ä‚†à‚†≥‚£Ñ‚†Ä‚†Ä‚†Ä ‚°∏‚£ø‚£ø‚£ø‚£ø‚£ø‚£ø‚†Ü‚†Ä‚†Ä‚†Ä‚†Ä‚†Ä‚†Ä‚£Ä‚†Ä‚†Ä‚†Ä‚†Ä‚†à‚¢Ñ‚†Ä‚†Ä‚†Ä‚†Ä‚†Ä‚†ò‚¢ß‚°Ä‚†Ä ‚°á‚†à‚¢ª‚†ø‚†õ‚†ã‚†Å‚†Ä‚†Ä‚†Ä‚†Ä‚†Ä‚†Ä‚£Ä‚†Ü‚†Å‚†Ä‚†Ä‚†Ä‚†Ä‚¢ò‚°Ü‚†Ä‚†Ä‚†Ä‚†Ä‚†Ä‚†à‚¢∑‚†Ä ‚†π‚°Ä‚†ò‚°Ñ‚†Ä‚†Ä‚†Ä‚†Ä‚†Ä‚†Ä‚†Ä‚£∞‚£ø‚†è‚†Ä‚†Ä‚†Ä‚†Ä‚†Ä‚†Ä‚£∏‚£á‚†Ä‚†Ä‚†Ä‚†Ä‚†Ä‚†Ä‚†à‚°á ‚†Ä‚†à‚†ê‚†≥‚£Ñ‚†Ä‚†Ä‚†Ä‚†Ä‚£Ä‚†î‚†ã‚°ç‚†Ä‚†Ä‚†Ä‚†Ä‚†Ä‚†Ä‚†Ä‚¢ª‚£∏‚†Ä‚†Ä‚†Ä‚†Ä‚†Ä‚†Ä‚†Ä‚£∑ ‚†Ä‚†Ä‚†Ä‚†Ä‚†Ä‚†â‚¢ª‚°ô‚¢è‚†Ä‚£Ä‚†ú‚†Ä‚°†‚†ä‚†Ä‚¢Ä‚£†‚£§‚£∂‚£ø‚°ø‚£á‚†Ä‚†Ä‚†Ä‚†Ä‚†Ä‚†Ä‚°è ‚†Ä‚†Ä‚†Ä‚†Ä‚†Ä‚†Ä‚†Ä‚†ë‚¢§‚£Ä‚£†‚°§‚£æ‚£§‚£¥‚£æ‚£ø‚£ø‚†ø‚†õ‚†Å‚†Ä‚†à‚†¢‚£Ä‚£Ä‚£Ä‚£†‚†û‚†Å ‚†Ä‚†Ä‚†Ä‚†Ä‚†Ä‚†Ä‚†Ä‚†Ä‚†Ä‚†Ä‚†Ä‚†Ä‚¢ª‚†ø‚†ü‚†õ‚†â‚†Ä‚†Ä‚†Ä‚†Ä‚†Ä‚†Ä‚†Ä‚†Ä‚†â‚†Å‚†Ä‚†Ä‚†Ä,2024-02-21T19:24:43.422Z
Youhavenostockw,NVDAearnings leaked it will go up 1000% ( how much I need to get even),2024-02-21T19:31:08.470Z
bullrfuk,Fed minutes indicate that JPow burned an American flag during the last meeting,2024-02-21T19:34:26.250Z
NVDAismygod,What if NVDA goes up 55% AH,2024-02-21T19:36:05.787Z
TheMetalloidManiac,Guys I got calls for the first time in forever and started the recession,2024-02-21T19:39:52.382Z
NVDAismygod,Another plane has hit QQQ,2024-02-21T19:40:07.639Z
yolodaily,Nvidia spelled backwards is Advil,2024-02-21T19:42:10.992Z
DataStructuresKid,"Made $2760 today. was expecting for more but i will take this gain. need to go back to work, will come back in an hour to for NVDA news. Good luck out there. As always, DON'T GO FULL REGARD.",2024-02-21T19:47:11.845Z
Tasty_Occasion_7038,Im up 30 PERCENT ON MY PUTS IDGAF I WANT 100 PERCENT,2024-02-21T19:51:07.066Z
throughthehazel,Cramer said to buy it‚Ä¶ain‚Äôt no way this is going up lmao,2024-02-21T20:07:29.975Z
DuvelNA,"yeah, im buying nvda calls before the close. yall are pussies.",2024-02-21T20:08:29.811Z
Modelminorityperson,"I‚Äôm so focused on nvda, I forgot I was working from home and my kitchen is on fire.",2024-02-21T20:13:07.311Z
oatmealish,"Yeah, I switched from SPY puts to SPY calls. What of it?",2024-02-21T20:18:11.717Z
Bruhdude333,If markets don't gap up big tomorrow I am fucked,2024-02-21T20:18:19.940Z
ConcentrateOdd8190,NVDA is either gonna  make me a millionaire or homeless,2024-02-21T20:19:15.594Z
unsane_sandwiches,!banbet NVDA $847 30D,2024-02-21T20:22:23.279Z
Samjabr,"I am so stressed, I feel like i've had 100 cups of coffee. JFC, I am never buying NVDA options again.",2024-02-21T20:22:26.403Z
DuvelNA,"Jensen Huang gonna pull his cock out during earnings when he blows this out of the water. 1,000+ EOD",2024-02-21T20:24:39.494Z
Overlord335786,"SPY 500c 2/23 loaded.
  WITNESS ME!!!",2024-02-21T20:25:05.783Z
ElephantFriendly,How did one company's earnings turn into a financial super bowl?  This next half hour is gonna have bonkers volume.,2024-02-21T20:25:24.337Z
WYLD_STALYNZ,HEART PALPITATIONS ARE BACK ON THE MENU!!!!!,2024-02-21T20:27:26.543Z
Sufficient-Contact36,"30 min warning before all our lives are changed. For better or for worse, no in-between",2024-02-21T20:30:00.493Z
alkalimangan,Man my life was so much better before wsb,2024-02-21T20:34:12.230Z
__Shadowman__,I better buy some NVDA 1300c real fast,2024-02-21T20:41:10.029Z
Theeliteshitposter,BEARS GOT SO QUIET SO FAST - you could hear a pin drop,2024-02-21T20:43:52.503Z
Overlord335786,BEARS FURIOUSLY TYPING UP A DOCTORATE LEVEL THESIS ABOUT HOW THE MARKET IS WRONG,2024-02-21T20:45:35.792Z
losekiloaskme,Pop the champagne boys...This is just a precursor to NVDA earnings,2024-02-21T20:46:42.374Z
Fantastic_Tiger_9000,what the fuck was that holy shit,2024-02-21T20:46:57.684Z
BullsAintBlack,Bears and bulls fighting back and forth while thetagang nuts,2024-02-21T20:47:39.328Z
losekiloaskme,NVDA 800 by EOW,2024-02-21T20:47:59.967Z
ArticulateTrout,Bought NVDA 670c expiring Friday for shits and giggles.,2024-02-21T20:48:59.962Z
Accomplished_End7585,Everyone who has calls will triple in value by market open tomorrow,2024-02-21T20:52:09.523Z
Gandalfs_Shaft48,This could end up being the worst disaster in market history.,2024-02-21T20:56:43.558Z
Forward_Observation,I just blew up 12k. I‚Äôm Done Oh my god I did it to myself but holy fuck I never learn,2024-02-21T20:57:54.164Z
BiigIfTrue1492,"NVDA PRAYER CIRCLE
    Bismi Allahi alrahman alraheem Alhamdu lillahi rabbi al-Aalameen Alrahman alraheemi Maliki yawmi alddeeni Iyyaka naAbudu wa iyyaka nastaAeen Ihdina al-sirat almustaqeem Sirat al-atheena anAamta Aalayhim, ghayri almaghdoobi Aalayhim wa la ddalleen. Ameen",2024-02-21T20:59:05.364Z
Market_Bottom,Worst bear trap I've seen all year,2024-02-21T21:00:10.916Z
CLAMACID,need ETSY to taaaaank,2024-02-21T21:07:06.253Z
I-bmac-n,Can you imagine the amount of cocaine and champagne on Wall Street tonight.,2024-02-21T21:09:39.821Z
Bruhdude333,Anyone who dabbles in the stock market is holding their breath right now,2024-02-21T21:10:24.774Z
SevereWar6667,Is there even a trading strategy for this shit?,2024-02-21T21:15:17.423Z
Hype_Boost,Sir this is a casino,2024-02-21T21:15:45.460Z
mathboom123,"Since more calls traded on nvda, we mooning",2024-02-21T21:16:07.254Z
noobsandobservations,NVDA is going up. I‚Äôve timed about 3 parabolic stock moves these last 3 weeks. I think I‚Äôm a psychic.,2024-02-21T21:18:38.560Z
Reddit_Inversetor,RIP to both calls and put holders,2024-02-21T21:24:30.034Z
Opening-Storage4647,NVDA is in regard purgatory. No one won,2024-02-21T21:25:31.428Z
ElricWarlock,IT'S JUST GONNA EQUALIZE AT THE END ISN'T IT,2024-02-21T21:25:57.453Z
zg44,"NVDA calls and puts likely to all get slaughtered tomorrow (especially the 1300c buyers lol, those are worth 0).",2024-02-21T21:26:10.862Z
PatentedSheep,There is a god,2024-02-21T21:31:01.842Z
alwaysmyfault,"Expectations for NVDA earnings were high, and it still somehow blew it away.
  
    750 open in the morning?",2024-02-21T21:31:32.812Z
optionsGPT,"No offense bulls, and congratulations, but it was $737 on Feb 16",2024-02-21T21:35:13.771Z
SubstantialAffect835,They haven't even seen a leather jacket yet.  This is going way up.,2024-02-21T21:37:28.160Z
jraiv420,The real impressive move will be if NVDA can stay over $740,2024-02-21T21:41:36.318Z
Emergency-Eye-2165,Correction over - AI saved the market ü§ñüéâ,2024-02-21T21:52:48.994Z
nicktro12,The nvidia surge is really not impressive at all‚Ä¶they dropped it before earnings raised the premiums on all the options and brought it right back to its high and everyone‚Äôs gonna lose money. The end,2024-02-21T22:25:33.079Z
Swimming_Pea_7195,I just don‚Äôt understand Etsy misses eps says it‚Äôs first quarter is gonna be the worst one yet and they are only down 5 %,2024-02-21T22:25:57.837Z
free_lions,With all the regards buying options on NVDA I bet it moves less than 5% after earnings,2024-02-21T11:01:31.640Z
majwap,I bought SMCI,2024-02-21T11:06:11.679Z
YoSmokinMan,if i knew jensen i just walk over to his house i be like yo jensen what it is,2024-02-21T11:10:04.227Z
SleepiestGuyAlive,Is it just me or is anyone else‚Äôs anxiety level off the charts,2024-02-21T11:21:40.624Z
AbbreviationsNo6897,Autistic Screeching,2024-02-21T11:30:40.658Z
ddropthesoap,What‚Äôs the point of being a billionaire if you have to worry about people spitting in your food,2024-02-21T11:45:44.134Z
SleepiestGuyAlive,So many tears will be shed of joy and pain today,2024-02-21T11:47:29.363Z
31andnotdone,"The bers go marching 2 by 2.
  
    Hoorah.  Hoorah.",2024-02-21T11:51:07.740Z
MarcusDaLongis,3 red days in a row,2024-02-21T11:56:19.639Z
__Slick_iG_,"Big day today, I hope we all make money ladies and gentlemen",2024-02-21T11:58:01.831Z
